name,id,start_ns,end_ns,is_stop
LinearOffChipLoad,498,0,6,False
LinearOffChipLoad,498,6,12,False
LinearOffChipLoad,498,12,18,False
LinearOffChipLoad,498,18,24,False
LinearOffChipLoad,498,24,30,False
LinearOffChipLoad,498,30,36,False
LinearOffChipLoad,498,36,42,False
LinearOffChipLoad,498,42,48,False
SelectGen,499,0,0,False
SelectGen,499,0,0,False
SelectGen,499,0,0,False
SelectGen,499,0,0,False
SelectGen,499,0,0,False
SelectGen,499,0,0,False
SelectGen,499,0,0,False
SelectGen,499,0,0,False
SelectGen,500,0,0,False
SelectGen,500,0,0,False
SelectGen,500,0,0,False
SelectGen,500,0,0,False
SelectGen,500,0,0,False
SelectGen,500,0,0,False
SelectGen,500,0,0,False
SelectGen,500,0,0,False
SelectGen,500,0,0,False
SelectGen,500,0,0,False
SelectGen,500,0,0,False
SelectGen,500,0,0,False
SelectGen,500,0,0,False
SelectGen,500,0,0,False
SelectGen,500,0,0,False
SelectGen,500,0,0,False
LinearOffChipLoad,501,0,16,False
LinearOffChipLoad,501,16,32,False
LinearOffChipLoad,501,32,48,False
LinearOffChipLoad,501,48,64,False
LinearOffChipLoad,501,64,80,False
LinearOffChipLoad,501,80,96,False
LinearOffChipLoad,501,96,112,False
LinearOffChipLoad,501,112,128,False
LinearOffChipLoad,501,128,144,False
LinearOffChipLoad,501,144,160,False
LinearOffChipLoad,501,160,176,False
LinearOffChipLoad,501,176,192,False
LinearOffChipLoad,501,192,208,False
LinearOffChipLoad,501,208,224,False
LinearOffChipLoad,501,224,240,False
LinearOffChipLoad,501,240,256,False
FlatPartition,502,6,8,False
FlatPartition,502,12,14,False
FlatPartition,502,18,20,False
FlatPartition,502,24,26,False
Reshape,503,8,8,False
Reshape,503,31,32,False
Reshape,503,55,56,False
Reshape,503,79,80,False
Flatten,504,8,8,False
Flatten,504,13,14,False
Flatten,504,19,20,False
Flatten,504,25,26,False
Accum,505,26,27,False
Reshape,506,8,8,False
Reshape,506,31,32,False
Reshape,506,55,56,False
Reshape,506,79,80,False
Flatten,507,8,8,False
Flatten,507,13,14,False
Flatten,507,19,20,False
Flatten,507,25,26,False
Accum,508,26,27,False
Reshape,509,8,8,False
Reshape,509,31,32,False
Reshape,509,55,56,False
Reshape,509,79,80,False
Flatten,510,8,8,False
Flatten,510,13,14,False
Flatten,510,19,20,False
Flatten,510,25,26,False
Accum,511,26,27,False
Reshape,512,8,8,False
Reshape,512,31,32,False
Reshape,512,55,56,False
Reshape,512,79,80,False
Flatten,513,8,8,False
Flatten,513,13,14,False
Flatten,513,19,20,False
Flatten,513,25,26,False
Accum,514,26,27,False
RepeatStatic,515,27,27,False
RepeatStatic,516,27,27,False
RepeatStatic,517,27,27,False
RepeatStatic,518,27,27,False
LinearOffChipLoadRef,519,27,128,False
LinearOffChipLoadRef,520,27,128,False
LinearOffChipLoadRef,521,27,128,False
LinearOffChipLoadRef,522,27,128,False
Flatten,523,128,128,False
Flatten,524,128,128,False
Flatten,525,128,128,False
Flatten,526,128,128,False
BinaryMap,527,128,224,False
BinaryMap,528,128,224,False
BinaryMap,529,128,224,False
BinaryMap,530,128,224,False
LinearOffChipLoadRef,531,27,128,False
LinearOffChipLoadRef,532,27,128,False
LinearOffChipLoadRef,533,27,128,False
LinearOffChipLoadRef,534,27,128,False
Flatten,535,128,128,False
Flatten,536,128,128,False
Flatten,537,128,128,False
Flatten,538,128,128,False
BinaryMap,539,128,224,False
BinaryMap,540,128,224,False
BinaryMap,541,128,224,False
BinaryMap,542,128,224,False
UnaryMap,543,224,225,False
UnaryMap,544,224,225,False
UnaryMap,545,224,225,False
UnaryMap,546,224,225,False
BinaryMap,547,225,226,False
BinaryMap,548,225,226,False
BinaryMap,549,225,226,False
BinaryMap,550,225,226,False
LinearOffChipLoadRef,551,27,128,False
LinearOffChipLoadRef,552,27,128,False
LinearOffChipLoadRef,553,27,128,False
LinearOffChipLoadRef,554,27,128,False
Flatten,555,128,128,False
Flatten,556,128,128,False
Flatten,557,128,128,False
Flatten,558,128,128,False
BinaryMapAccum,559,226,322,False
BinaryMapAccum,560,226,322,False
BinaryMapAccum,561,226,322,False
BinaryMapAccum,562,226,322,False
RetileStreamify,563,322,322,False
RetileStreamify,564,322,322,False
RetileStreamify,565,322,322,False
RetileStreamify,566,322,322,False
FlatPartition,567,16,17,False
FlatPartition,567,32,33,False
FlatPartition,567,48,49,False
FlatPartition,567,64,65,False
BinaryMap,568,322,323,False
BinaryMap,569,322,323,False
BinaryMap,570,322,323,False
BinaryMap,571,322,323,False
SelectGen,572,0,0,False
SelectGen,572,0,0,False
SelectGen,572,0,0,False
SelectGen,572,0,0,False
SelectGen,572,0,0,False
SelectGen,572,0,0,False
SelectGen,572,0,0,False
SelectGen,572,0,0,False
FlatReassemble,573,323,323,False
FlatReassemble,573,323,323,False
FlatReassemble,573,323,323,False
FlatReassemble,573,323,323,False
FlatReassemble,573,323,323,False
FlatReassemble,573,323,323,False
FlatReassemble,573,323,323,False
FlatReassemble,573,323,323,False
Accum,574,323,324,False
Accum,574,324,325,False
Accum,574,325,326,False
Accum,574,326,327,False
Accum,574,327,328,False
Accum,574,328,329,False
Accum,574,329,330,False
Accum,574,330,331,False
OffChipStore,575,324,330,False
OffChipStore,575,330,336,False
OffChipStore,575,336,342,False
OffChipStore,575,342,348,False
OffChipStore,575,348,354,False
OffChipStore,575,354,360,False
OffChipStore,575,360,366,False
OffChipStore,575,366,372,False
Broadcast,576,27,27,False
Broadcast,577,27,27,False
Broadcast,578,27,27,False
Broadcast,579,27,27,False
Broadcast,580,27,27,False
Broadcast,581,27,27,False
Broadcast,582,27,27,False
Broadcast,583,27,27,False
